{"cameraMode":{"drawMode":0,"name":"Shaded","section":"Shading Mode"},"sceneLighting":true,"audioPlay":false,"sceneViewState":{"m_AlwaysRefresh":false,"showFog":true,"showSkybox":true,"showFlares":true,"showImageEffects":true,"showParticleSystems":true,"showVisualEffectGraphs":true,"m_FxEnabled":true},"in2DMode":false,"pivot":{"x":0.0000017881393432617188,"y":1.4702067375183106,"z":0.016342639923095704},"rotation":{"x":0.07003486901521683,"y":0.47642719745635989,"z":-0.03809606283903122,"w":0.8756109476089478},"size":2.3792598247528078,"orthographic":false}